,amount,category,weekday,food_desc_dist,life/wellbeing_desc_dist,beers_desc_dist,shopping_desc_dist
39,-8.0,food,6,0.75,0.8888888888888888,0.9545454545454546,0.95
40,-12.9,food,5,0.5,0.7777777777777778,0.8568181818181818,0.8373015873015873
41,-10.99,life/wellbeing,3,0.8518518518518517,0.6666666666666666,0.8888888888888888,0.9047619047619048
43,-38.0,food,3,0.3333333333333333,0.8194444444444445,0.7777777777777778,0.5416666666666666
45,-70.0,beers,4,0.8333333333333334,0.8888888888888888,0.6666666666666666,0.9333333333333332
46,-11.59,shopping,3,0.6,0.9333333333333333,0.9333333333333333,0.6
48,-4.55,food,2,0.75,0.8888888888888888,0.9545454545454546,0.95
